<?xml version="1.0" encoding="UTF-8" standalone="no"?>
<descTool>
    <toolOptions>
        <runGUI>1</runGUI>
        <workspace>C:\Data\Projects\fitStatusB\USBDescriptors</workspace>
        <projectName>n/a</projectName>
    </toolOptions>
    <toolConfig>
        <treeConfig>
            <MSP mcuFam="0">
                <mspConfig>
                    <disableXtalOnSus>0</disableXtalOnSus>
                    <XT2OscFreq>14</XT2OscFreq>
                    <DMAChannel>2</DMAChannel>
                    <bypassXT2>0</bypassXT2>
                    <useSYSBIOS>0</useSYSBIOS>
                    <driveVBUSfromExtSupp>0</driveVBUSfromExtSupp>
                </mspConfig>
                <USBDevice>
                    <deviceProp>
                        <vid>0x2047</vid>
                        <pid>0x03DF</pid>
                        <vndStr>Compulab LTD</vndStr>
                        <prodStr>fit_StatUSB</prodStr>
                        <devRelNum>0x25</devRelNum>
                        <useSerNum>1</useSerNum>
                    </deviceProp>
                    <config>
                        <configParam>
                            <selfPowered>0</selfPowered>
                            <remWkupSup>0</remWkupSup>
                            <maxPowDrain>200</maxPowDrain>
                            <configStr>fit_statUSB</configStr>
                        </configParam>
                        <interfaces>
                            <cdcInterface intString="Compulab fit_StatUSB"/>
                        </interfaces>
                    </config>
                </USBDevice>
            </MSP>
        </treeConfig>
    </toolConfig>
    <codeGeneration generate="0" generateINF="0"/>
</descTool>
